<?xml version="1.0"?>
<AlvaoApplication xmlns:xsd="http://www.w3.org/2001/XMLSchema" xmlns:xsi="http://www.w3.org/2001/XMLSchema-instance" ModelVersion="1">
  <Applications>
    <Application id="18">
      <Name>ALVAO.Application.RunFlowOnTicketStateChange</Name>
      <Description>Example application for triggering flow in Power Platform.</Description>
      <Scripts>
        <Script id="40">
          <Name>TicketStateAutomation</Name>
          <Code>using System;
using System.Data;
using Microsoft.Data.SqlClient;
using Alvao.Global;
using Alvao.API.Common;
using Alvao.Apps.API;

using System.Collections.Generic;
using System.Web;
using System.ComponentModel;
using System.Configuration;
using System.Globalization;
using System.IO;
using System.Net.Mail;
using System.Reflection;
using System.Threading;
using System.Web.Services;
using System.Runtime.Serialization.Json;
using System.Text;
using System.Xml.Linq;
using System.Xml.XPath;

public class TicketCreatedAutomation : ITicketAutoAction
{
    public string Name
    { 
        get =&gt; "TicketCreatedAutomation";
        set { } 
    }

    public void OnTicketChanged(SqlConnection con, SqlTransaction trans, int ticketId, int personId, string properties)
    {
        if (properties.Contains("TicketStateId"))
        {
            CheckStateAndRunFlow(ticketId);
        }
    }

    public void OnTicketCreated(SqlConnection con, SqlTransaction trans, int ticketId, int personId)
    {
        CheckStateAndRunFlow(ticketId);
    }

    private void CheckStateAndRunFlow(int ticketId)
    {
        var ticket = Alvao.API.SD.Ticket.GetById(ticketId);
        var flowUrl = Alvao.API.Common.CustomColumn.GetValue(
            "TicketStateCust", 
            Settings.TicketStateColumnNameWithFlowUrl,
            ticket.TicketStateId,
            CultureInfo.CurrentCulture,
            null);

        if (!string.IsNullOrEmpty(flowUrl))
        {
            var json = "{\"ticketId\":" + ticketId.ToString() + "}";
            var response = PowerPlatform.RunFlow(flowUrl, json);
            
            var jsonReader = JsonReaderWriterFactory.CreateJsonReader(Encoding.UTF8.GetBytes(response), new System.Xml.XmlDictionaryReaderQuotas());
            var root = XElement.Load(jsonReader);
            var respTicketId = root.XPathSelectElement("//ticketId").Value;
            
            var settings = new Alvao.API.SD.Model.ActCreateSettings();
            Alvao.API.SD.Act.Create(
                ticketId, 
                "Flow was triggered", 
                new Alvao.API.Common.Model.HtmlTextModel($"Ticket ID in response: {respTicketId}"), 
                Alvao.API.Common.Person.GetSystem(),
                null,
                Alvao.API.Common.Model.Database.tActKind.ActKind.Process,
                settings);
        }
    }
}</Code>
          <IsLibCode>false</IsLibCode>
        </Script>
        <Script id="1047">
          <Name>Settings</Name>
          <Code>public class Settings
{
    // Ticket state custom column name which contains POST URL for running the FLow
    public static string TicketStateColumnNameWithFlowUrl = "RunFlowUrl";
}</Code>
          <IsLibCode>true</IsLibCode>
        </Script>
        <Script id="1048">
          <Name>PowerPlatform</Name>
          <Code>using System;
using System.Data;
using System.IO;
using System.Runtime.Serialization.Json;
using System.Text;
using System.Xml.Linq;
using System.Xml.XPath;

public class PowerPlatform
{
    public static string RunFlow(string url, string requestBody)
    {
        var httpWebRequest = (System.Net.HttpWebRequest)System.Net.WebRequest.Create(url);
        httpWebRequest.ContentType = "application/json";
        httpWebRequest.Method = "POST";

        using (var streamWriter = new StreamWriter(httpWebRequest.GetRequestStream()))
        {
            streamWriter.Write(requestBody);
            streamWriter.Flush();
            streamWriter.Close();
        }

        string response = "";

        var httpResponse = (System.Net.HttpWebResponse)httpWebRequest.GetResponse();
        using (var streamReader = new StreamReader(httpResponse.GetResponseStream()))
        {
            response = streamReader.ReadToEnd();
        }

        return response;
    }
}</Code>
          <IsLibCode>true</IsLibCode>
        </Script>
      </Scripts>
    </Application>
  </Applications>
</AlvaoApplication>